타임스탬프,학번을 입력해주세요!(여러분은 2학년입니다!),MBTI를 선택해주세요!,"좋아하는 키워드를 ,(컴마)로 구분해서 최대한 이 작성해주세요!",내가 잘하는 것들에 대한 키워드를 모두 작성해주세요!,관심있는 진로 희망 분야를 모두 작성해주세요!,혈액형을 선택해주세요!
3-6-2025 13:07:41,11027,"ISTP: 문제 해결 능력이 뛰어나며, 실용적이고 유연한 사고를 합니다.","컴퓨터, 그림, 게임",타이핑 빨리 치기,"프로그래머, 요리사, 컴퓨터 부품 관련 쪽",O
3-6-2025 13:07:41,11024,"ESTP: 활동적이고 모험적인 성격으로, 새로운 도전을 즐깁니다.","게임,영화","게임,키배",이스포츠과,B
3-6-2025 13:07:51,11020,"ENFJ: 타인에 대한 이해와 공감 능력이 뛰어나며, 리더십을 발휘합니다.","게임,3d프린터,만들기",만들기,"건축가,군인장교",B
3-6-2025 13:08:12,11014,"ISTP: 문제 해결 능력이 뛰어나며, 실용적이고 유연한 사고를 합니다.",운동,"잠 자기, 밥 자주 먹기",체육쪽,A
3-6-2025 13:08:13,11023,ISTJ: 실용적이고 현실적인 성격. 계획적이며 조직적입니다.,마인크래프트,마인크래프트,게임 관련 산업,A
3-6-2025 13:08:31,11011,"ISFP: 예술적이고 감성적인 성향이 강하며, 자율성을 중시합니다.",축구,롤 잘해요,아직 없음,AB
3-6-2025 13:08:34,11012,"ESFJ: 사교적이고 친절하며, 타인과의 관계를 매우 중요하게 생각합니다.",야구,"다른사람들을 웃기는것,게임",아직 못정함,AB
3-6-2025 13:09:10,11029,"ENFJ: 타인에 대한 이해와 공감 능력이 뛰어나며, 리더십을 발휘합니다.",야구,야구,프로야구선수,A
3-6-2025 13:09:28,11028,"ESFP: 사교적이고 열정적이며, 주변 사람들과 함께 즐기는 것을 좋아합니다.","잠,놀이","잠 자기,밥 먹기",금융 관련 직업,O
3-6-2025 13:10:45,11019,"ENFJ: 타인에 대한 이해와 공감 능력이 뛰어나며, 리더십을 발휘합니다.","악기:드럼,피아노,기타 게임:발로란트 음식:마라탕",드럼치기. 발로란트 엄청 잘해요. 공감을 언청 잘해요,관심있는 진로가 없어요 음악을 좋아해요,A
3-6-2025 13:11:10,11016,"ESFP: 사교적이고 열정적이며, 주변 사람들과 함께 즐기는 것을 좋아합니다.","축구, 농구, 슬램덩크, 빅뱅, 햄버거","밥 빨리 먹기, 노래 많이 알기, 축구 농구 많이 알기",피디 회계사 선생님,A
3-6-2025 13:11:12,11004,ISTJ: 실용적이고 현실적인 성격. 계획적이며 조직적입니다.,"축구,농구,생명공학,게임,잠,수학(문제가 잘 풀릴때만 좋아합니다.)",밥 빨리먹기,"재생의학자(유전자), 신경의학자",B
3-6-2025 13:11:23,11025,"ENFP: 열정적이고 창의적이며, 새로운 아이디어를 탐구하는 성격입니다.","자전거,게임",자전거타기,조향사,A
3-6-2025 13:11:53,11005,"ENFP: 열정적이고 창의적이며, 새로운 아이디어를 탐구하는 성격입니다.","원피스, 발로란트, 친구, 어벤저스, 마인크래프트, 핸드폰, 텔레비전, 컴퓨터, 철학, 물리학","분위기 좋게 만들기, 이상한 드립치기, 영어 모의고사, 물리학, 집중해서 공부하기, 원바, 야구하기, 원피스 캐릭터 외우기","물리학자, 프로게이머, 웃음치료사",B
3-6-2025 13:12:03,11015,"ESTP: 활동적이고 모험적인 성격으로, 새로운 도전을 즐깁니다.","야구,축구,the weekend,친구들과 놀기,게임,장규리,윈터","친구들과 잘 놀기,수학문제 잘 풀기,운동","스포츠 에이전트,경영자",O
3-6-2025 13:12:36,11026,"ENFP: 열정적이고 창의적이며, 새로운 아이디어를 탐구하는 성격입니다.","배구, 윈터, 발로란트, 브롤스타즈, 클래시 로얄, 클래시 오브 클랜, 카러플, 블랙홀","게임, 심리전(?)","건축가, 물리학자",O
3-6-2025 13:12:40,11003,"INTP: 논리적이고 분석적인 사고를 하며, 창의적인 문제 해결을 좋아합니다.","축구, 책, 공학, 경제, 수학, 글쓰기","구기 종목 전체적으로 평타를 친다, 글쓰기, 바둑, 노동","공학 계열 직종, 경제 직종, 그래픽 디자인 직종, (철학, 사회, 문학, 경제 등 인문학 계열) 교수",A
3-6-2025 13:13:00,11001,"INFJ: 깊이 있는 사고를 하며, 타인에 대한 공감 능력이 뛰어납니다.","노래, 클레시오브클랜, 마인크레프트, 하니","이야기할때 눈 마주치기, 필기하기","경제관련 직업 ( 한국은행사원, 경제학 교수 )",B
3-6-2025 13:13:01,11006,"INTP: 논리적이고 분석적인 사고를 하며, 창의적인 문제 해결을 좋아합니다.","게임,축구,피자,뉴진스","잠자기,게임",의사,B
3-6-2025 13:13:34,11018,"ISTP: 문제 해결 능력이 뛰어나며, 실용적이고 유연한 사고를 합니다.","축구, 애니, 그림, 만화, 운동, 게임, 유튜브",그림 그리기,공학 계열,O
3-6-2025 13:13:47,11008,"ENFP: 열정적이고 창의적이며, 새로운 아이디어를 탐구하는 성격입니다.",농구,농구,범죄 심리학자,B
3-6-2025 13:14:10,11007,"ESFP: 사교적이고 열정적이며, 주변 사람들과 함께 즐기는 것을 좋아합니다.",테니스,"테니스,오래 뛰기,",운동,O
3-6-2025 13:14:15,11010,"ESTP: 활동적이고 모험적인 성격으로, 새로운 도전을 즐깁니다.","생물,자전거,음악,만화","스케이트보드로 다운힐하기, 물건팔기","철학자,생물학과 교수",O
3-6-2025 13:14:39,11002,"ENFJ: 타인에 대한 이해와 공감 능력이 뛰어나며, 리더십을 발휘합니다.",aespa,공부 수학 영어 중간 기말 반배치 고사 빼고,바리스타,B
3-6-2025 13:14:44,11009,"ESTP: 활동적이고 모험적인 성격으로, 새로운 도전을 즐깁니다.","블랙핑크 로제, 오버워치, 뉴진스 혜인, 음악","음악 듣기, 밥 먹기",파일럿                  ,A
3-6-2025 13:15:29,11017,"INTP: 논리적이고 분석적인 사고를 하며, 창의적인 문제 해결을 좋아합니다.","피자, 게임, 자유 시간","밥 많이 먹기, 흥미로운 것 연습하기","기계공학, 자격증 직종",B
3-6-2025 13:15:41,11013,"ISTP: 문제 해결 능력이 뛰어나며, 실용적이고 유연한 사고를 합니다.","게임,스파게티",게임,가상현실전문가,A
3-6-2025 13:16:18,11021,"ISFP: 예술적이고 감성적인 성향이 강하며, 자율성을 중시합니다.",음악 게임,모르겠음,아직 모르겠음,O
3-6-2025 13:17:51,11022,"INTJ: 독창적이고 전략적인 사고를 하며, 미래지향적인 성격입니다.",포트나이트,게임,기계공학자,A
3-7-2025 11:12:52,10817,ESTJ: 조직적이고 실용적인 성격. 일을 효율적으로 처리하는 것을 중요시합니다.,"역사,게임,사람,미식,체육","밥빨리먹기,역사,국어","경영학,통계학",B
3-7-2025 11:14:04,10801,"ENFP: 열정적이고 창의적이며, 새로운 아이디어를 탐구하는 성격입니다.","게임,  친구, 음식?  등등",밥 뭐든지 맛있게 먹을수 있고 생각보다 컴퓨터와 친숙하다,빅데이터 분야도 관심있고  심리학 분야도 관심있어서 고민중,B
3-7-2025 11:14:43,10802,"ISTP: 문제 해결 능력이 뛰어나며, 실용적이고 유연한 사고를 합니다.","게임, 복싱",공부하기,고민중,B
3-7-2025 11:15:22,10822,"INTP: 논리적이고 분석적인 사고를 하며, 창의적인 문제 해결을 좋아합니다.","게임,유튜브",어색하지 않게 대화 이어가기,다양한 직업을 해보고 적성에 맞는 일하기,O
3-7-2025 11:15:30,10829,"ENFP: 열정적이고 창의적이며, 새로운 아이디어를 탐구하는 성격입니다.","치킨,짬뽕,맨몸운동,헬스,롤,배그",힘쎔 노래부르기 턱걸이하기 ,"경찰, 물건 인터넷으로 팔기",A
3-7-2025 11:15:46,10805,"ENTP: 논리적이고 창의적인 성향을 지니며, 끊임없이 새로운 가능성을 탐색합니다.",농구,"농구, 축구 중거리","경영, 공학",O
3-7-2025 11:16:02,10826,"ENFP: 열정적이고 창의적이며, 새로운 아이디어를 탐구하는 성격입니다.","음악,배드민턴,축구,야구",피아노,작곡가(음악),B
3-7-2025 11:16:59,10825,INFP: 이상주의적이고 창의적인 성격. 깊은 내면의 가치관을 중요시합니다.,"농구,운동, 격투기, 웹툰 ","국어, 어떤일을 꾸준히 함",문과 관련 직업 또는 법학관련 직업,O
3-7-2025 11:16:59,10811,"ENTP: 논리적이고 창의적인 성향을 지니며, 끊임없이 새로운 가능성을 탐색합니다.","야구, 수영, 주짓수,복싱, 고기, 헬스, 축구, 카리나","수영, 주짓수, 밥많이먹기, 잠많이자기","생명공학자, 디자이너, 건축가,사업가",A
3-7-2025 11:17:15,10804,"ENFP: 열정적이고 창의적이며, 새로운 아이디어를 탐구하는 성격입니다.","배드민턴, 야구, 치킨","배드민턴, 친구에게 자신감 넣어주기",경영학,O
3-7-2025 11:18:25,10821,INFP: 이상주의적이고 창의적인 성격. 깊은 내면의 가치관을 중요시합니다.,"브롤,발로란트,인스타",;,"학원 강사, 바이오계열 연구원 , 경영직 직원",O
3-7-2025 11:18:30,10806,"ENFP: 열정적이고 창의적이며, 새로운 아이디어를 탐구하는 성격입니다.","낮잠,음악,산,바다,배구,게임,그림,음식,요리,베이킹","많이 먹기, 요리하기, 베이스 기타 치기","호텔 셰프, 건축가, 수의사, 전투기 조종사",AB
3-7-2025 11:18:51,10818,"ESFJ: 사교적이고 친절하며, 타인과의 관계를 매우 중요하게 생각합니다.","축구, 초밥, 롤","롤, 만들기, 해외축구 보는 것","전기전자 분야, 공학 계열",A
3-7-2025 11:20:55,10828,ESTJ: 조직적이고 실용적인 성격. 일을 효율적으로 처리하는 것을 중요시합니다.,"농구,축구,게임","농구(드리블, 슛), 수학",경제에 관심 있음 투자나 금융이 흥미로움,B
3-7-2025 11:21:01,10815,"ENFP: 열정적이고 창의적이며, 새로운 아이디어를 탐구하는 성격입니다.",없음,없음,없음,O
3-7-2025 11:21:15,10808,"ENTP: 논리적이고 창의적인 성향을 지니며, 끊임없이 새로운 가능성을 탐색합니다.",복싱,복싱,복싱,AB
3-7-2025 11:21:33,10810,"INTP: 논리적이고 분석적인 사고를 하며, 창의적인 문제 해결을 좋아합니다.","피자, 치킨, 축구,야구,게임",집중하는 것,게임개발자,B
3-7-2025 11:21:50,10803,"ENTJ: 목표 지향적이고 리더십이 강하며, 효율성을 중요하게 생각합니다.",야구,헐일 미루지 않기,야구 프런트,O
3-7-2025 11:22:07,10807,"ENTJ: 목표 지향적이고 리더십이 강하며, 효율성을 중요하게 생각합니다.","야구,농구,만화,잠,가족,친구,공부,소설독서","잠자기,야구하기,책읽기",아시아인 최초 메이저리그 사이영상 1등,A
3-7-2025 11:22:13,10827,"ISFJ: 따뜻하고 배려심이 많으며, 사람들을 돕는 것을 좋아합니다.",해린,밥 빨리 먹기,프로야구선수,B
3-7-2025 11:22:16,10816,"INTP: 논리적이고 분석적인 사고를 하며, 창의적인 문제 해결을 좋아합니다.","자전거, 프라모델, 게임, 컴퓨터","프라모델 만들기, 자전거 타기",고민 중,A
3-7-2025 11:22:48,10813,"ENTP: 논리적이고 창의적인 성향을 지니며, 끊임없이 새로운 가능성을 탐색합니다.","농구,축구,롤,사업",농구,사업가,O
3-7-2025 11:22:53,10809,"INFJ: 깊이 있는 사고를 하며, 타인에 대한 공감 능력이 뛰어납니다.","코딩, 과학, 스타크래프트","암기과목 외기, 어떤 현상 이해","과학자, 물리학자, 화학자, 소프트웨어 개발자",O
3-7-2025 11:25:32,10824,"ENTJ: 목표 지향적이고 리더십이 강하며, 효율성을 중요하게 생각합니다.",야구,수업 열심히 듣기,프로 야구선수,B
3-7-2025 11:31:22,10814,"INFJ: 깊이 있는 사고를 하며, 타인에 대한 공감 능력이 뛰어납니다.","야구,축구겜",너무 많아서 잘 모르겠다,아직 모르겠음,B
3-7-2025 11:52:00,10823,"ENFP: 열정적이고 창의적이며, 새로운 아이디어를 탐구하는 성격입니다.",탁구.쿠킹덤리세마라,물많이 먹기 상담 하기,없음,모름
3-7-2025 11:56:15,10812,"ENFP: 열정적이고 창의적이며, 새로운 아이디어를 탐구하는 성격입니다.","게임,조향,맛,음식,미식,새로운 도전,아이디어","노오오오력,집중,아이디어 내기,캐릭터 만들기","조향사,셰프,게임라이터?",B
3-7-2025 11:58:12,10819,"ENFP: 열정적이고 창의적이며, 새로운 아이디어를 탐구하는 성격입니다.","축구,게임",축구,운동선수,O
3-10-2025 9:37:21,10918,"INTP: 논리적이고 분석적인 사고를 하며, 창의적인 문제 해결을 좋아합니다.","야구, 포켓몬",영어 말하기,"회사원, 게임 기획자",O
3-10-2025 9:37:37,10915,"ISFP: 예술적이고 감성적인 성향이 강하며, 자율성을 중시합니다.","축구,야구",축구,아직 정하지못했다,B
3-10-2025 9:37:57,10922,INFP: 이상주의적이고 창의적인 성격. 깊은 내면의 가치관을 중요시합니다.,리그오브레전드,잠 많이 자기,공무원,AB
3-10-2025 9:38:45,10901,"ENFJ: 타인에 대한 이해와 공감 능력이 뛰어나며, 리더십을 발휘합니다.","축구,기타,격투기",무한리필 뽕뽑기,실버사업,B
3-10-2025 9:38:52,10917,"ISTP: 문제 해결 능력이 뛰어나며, 실용적이고 유연한 사고를 합니다.",게임(fps),게임(fps),프로그래머,O
3-10-2025 9:38:56,10904,"INFJ: 깊이 있는 사고를 하며, 타인에 대한 공감 능력이 뛰어납니다.","탁구,배드민턴,게임",게임,심리상담사,A
3-10-2025 9:39:06,10906,"ESFJ: 사교적이고 친절하며, 타인과의 관계를 매우 중요하게 생각합니다.","스포츠(축구,야구,MMA,배구)","축구,MMA",스포츠쪽 예를 들면 체육교육학과,O
3-10-2025 9:39:19,10903,"INTP: 논리적이고 분석적인 사고를 하며, 창의적인 문제 해결을 좋아합니다.","컴퓨터, 게임, 수학","단기기억, 집중하기",인공지능 연구자,A
3-10-2025 9:39:33,10929,"ENFP: 열정적이고 창의적이며, 새로운 아이디어를 탐구하는 성격입니다.","스마트폰,게임",물 빨리 먹기,소프트웨어 계열 업종,B
3-10-2025 9:39:34,10909,INFP: 이상주의적이고 창의적인 성격. 깊은 내면의 가치관을 중요시합니다.,야구,물 많이 먹기,디자인,O
3-10-2025 9:39:35,10928,"INTJ: 독창적이고 전략적인 사고를 하며, 미래지향적인 성격입니다.","롤,강해린",롤,경제학과,B
3-10-2025 9:40:02,10919,"ISFP: 예술적이고 감성적인 성향이 강하며, 자율성을 중시합니다.","농구,게임",농구,진로탐색중,O
3-10-2025 9:40:08,10905,"ESTP: 활동적이고 모험적인 성격으로, 새로운 도전을 즐깁니다.","축구,맨유,프로미스나인",탁구,변호사,A
3-10-2025 9:40:09,10927,"INFJ: 깊이 있는 사고를 하며, 타인에 대한 공감 능력이 뛰어납니다.","아이브 이서, 포케(샐러드), 농구",100m 수영하기,"게임 개발자, 소프트웨어 개발자",B
3-10-2025 9:40:18,10923,"INTP: 논리적이고 분석적인 사고를 하며, 창의적인 문제 해결을 좋아합니다.","게임, 노래, 유튜브, 포켓몬",손재주,X,모름
3-10-2025 9:40:38,10916,"INTP: 논리적이고 분석적인 사고를 하며, 창의적인 문제 해결을 좋아합니다.",축구,없음...,생각 안해봄,AB
3-10-2025 9:40:48,10902,"ENFP: 열정적이고 창의적이며, 새로운 아이디어를 탐구하는 성격입니다.","게임,영상,쇼츠 등",게임,없음,B
3-10-2025 9:48:05,10910,ESTJ: 조직적이고 실용적인 성격. 일을 효율적으로 처리하는 것을 중요시합니다.,야구.뉴진스,야구,야구선수,A
3-10-2025 9:49:11,10920,"INTJ: 독창적이고 전략적인 사고를 하며, 미래지향적인 성격입니다.","컴퓨터, 과학, AI","수학, 운동, 한타(1000타), 영타(800타)",전자 계열 연구... 그쪽 or 인공지능 관련..,A
3-10-2025 9:49:18,10911,ESTJ: 조직적이고 실용적인 성격. 일을 효율적으로 처리하는 것을 중요시합니다.,"운동, 음식","스포츠, 친구들과 대화하는 것",과학 분야 연구원,A
3-10-2025 9:49:59,10926,"ENFP: 열정적이고 창의적이며, 새로운 아이디어를 탐구하는 성격입니다.","축구, 빅뱅, 패션","개성있게 옷입기 , 사교성",소프트웨어 개발자,O
3-10-2025 9:50:13,10914,"INTP: 논리적이고 분석적인 사고를 하며, 창의적인 문제 해결을 좋아합니다.","야구,자동차,돈",인내심이 좋음,ai를 활용한 사업,A
3-10-2025 9:50:49,10908,"ISTP: 문제 해결 능력이 뛰어나며, 실용적이고 유연한 사고를 합니다.","축구,아이돌,게임","밝은 곳에서 잠자기,멍때리기",공학 계열,AB
3-10-2025 9:51:03,10913,"ESFP: 사교적이고 열정적이며, 주변 사람들과 함께 즐기는 것을 좋아합니다.","패션,안경,신발,시계,향(fragrance)","옷 스타일링,랩,싱잉,영어",패션디자이너,A
3-10-2025 9:51:49,10925,"ENTP: 논리적이고 창의적인 성향을 지니며, 끊임없이 새로운 가능성을 탐색합니다.","미식축구, 축구, 외국힙합, 격투기","영어, 운동","철학, 스포츠과학",B
3-10-2025 9:52:09,10907,"ISTP: 문제 해결 능력이 뛰어나며, 실용적이고 유연한 사고를 합니다.","축구, 음악, 기타, 록","오래 달리기, 축구하기","건축공학자, 축구스카우터, 산업디자이너",O
3-18-2025 14:26:52,21420,"INFJ: 깊이 있는 사고를 하며, 타인에 대한 공감 능력이 뛰어납니다.","게임, 컴퓨터, 잠, 라면, 과자",(없음),컴퓨터 관련,A
3-18-2025 14:26:52,21407,INFP: 이상주의적이고 창의적인 성격. 깊은 내면의 가치관을 중요시합니다.,"게임,컴퓨터,잠,라면,과자",없다,컴퓨터 관련,AB
3-18-2025 14:27:13,21424,INFP: 이상주의적이고 창의적인 성격. 깊은 내면의 가치관을 중요시합니다.,"게임,잠,게임,잠,",어디서든 한숨 자기,심리,A
3-18-2025 14:28:05,20613,"INTP: 논리적이고 분석적인 사고를 하며, 창의적인 문제 해결을 좋아합니다.","코딩,게임",웹 코딩,프로그래머,AB
3-18-2025 14:29:52,20530,"ESFJ: 사교적이고 친절하며, 타인과의 관계를 매우 중요하게 생각합니다.",게임 축구 야구 치킨,야구공 빨리 던지기 ,경찰 축구 쪽 ,A
3-18-2025 14:32:25,20625,"ESFP: 사교적이고 열정적이며, 주변 사람들과 함께 즐기는 것을 좋아합니다.",야구농구축구스키,야구 농구 축구 스키,어플리케이션 개발,B
3-18-2025 14:34:41,21421,"ISTP: 문제 해결 능력이 뛰어나며, 실용적이고 유연한 사고를 합니다.","복싱, 농구","의사소통 능력, 피드백 수용",이공계,A
3-18-2025 14:38:30,21409,"ENTP: 논리적이고 창의적인 성향을 지니며, 끊임없이 새로운 가능성을 탐색합니다.","생명공학, 유전, 식품생명공학, 스마트 팜",듣기,"생명공학, 유전, 식품생명공학, 스마트 팜",A
3-18-2025 14:39:05,20606,"ESFP: 사교적이고 열정적이며, 주변 사람들과 함께 즐기는 것을 좋아합니다.",쇼핑,정리하는것,기계공학과,AB
3-18-2025 14:40:20,21419,"ENTP: 논리적이고 창의적인 성향을 지니며, 끊임없이 새로운 가능성을 탐색합니다.","야구,농구,게임",의사소통능력,기계관련분야,O
3-18-2025 14:43:26,20601,"INFJ: 깊이 있는 사고를 하며, 타인에 대한 공감 능력이 뛰어납니다.","축구,과학,예술,고기,휴식,창의성","미술,집중하기,팀 분위기 전환",바이오 산업 종사자,AB
3-18-2025 14:44:56,20630,"INTP: 논리적이고 분석적인 사고를 하며, 창의적인 문제 해결을 좋아합니다.","게임,애니메이션,음악듣기,책읽기(웹소설,소설,라이트노벨),만들기, 일본어 듣기","하나에 제대로 꽂히면 끝장을 본다, 더 없어요..","우주항공 관련 분야 희망, 로봇공학자",AB
3-18-2025 14:51:18,20530,"ESFJ: 사교적이고 친절하며, 타인과의 관계를 매우 중요하게 생각합니다.",야구 농구 축구 게임 치킨,게임 농구 야구 ,경찰 축구 관련쪽 ,A
3-18-2025 14:51:28,20909,"INTP: 논리적이고 분석적인 사고를 하며, 창의적인 문제 해결을 좋아합니다.","음악, 자연, 우주, 산책, 인디, 빈티지, 도서관, 여행","영/한 타이핑 빨리 치기, 조별 활동, 자료 검색, 발표, 보고서 작성",생명과학부(자연과학대학),A
3-18-2025 14:51:35,20913,ESTJ: 조직적이고 실용적인 성격. 일을 효율적으로 처리하는 것을 중요시합니다.,"떡볶이, 밴드 음악, 영화 보기, 효율, 사진 찍기, ","언어 배우기,  밥 많이 먹기, 발표, 관찰하기, 토론","생명공학계열, 의약학",O
3-18-2025 14:52:52,20915,"ISFP: 예술적이고 감성적인 성향이 강하며, 자율성을 중시합니다.","친구, 쉬는시간, 잠, 소설,  단 음식,  공휴일","공감하기, 가만히 있기,  골고루 먹기, 이야기 하기, 내가 잘 아는 내용 설명하기","생명공학자, 인공지능 연구자",O
3-18-2025 14:53:29,20914,"INFJ: 깊이 있는 사고를 하며, 타인에 대한 공감 능력이 뛰어납니다.","디저트, 소설, 늦잠, 도경수, 크리스마스, 강아지, 노래 듣기, 영화 보기, 멍 때리기 ","간단한 그림 그리기, 밥 맛있게 먹기, 수학 문제 설명하기, 영어 말하기, 의견 모으기,","생명과학자, 제약회사원, 생명공학 연구원, ",O
3-18-2025 14:54:12,20908,"ENFJ: 타인에 대한 이해와 공감 능력이 뛰어나며, 리더십을 발휘합니다.","강아지, 고기, 배드민턴","밥 느리게 먹기, 누워있기, 영어 단어 외우기",생명과학,A
3-18-2025 14:55:37,20922,"ESTP: 활동적이고 모험적인 성격으로, 새로운 도전을 즐깁니다.","영화, 봉사, 수학 ",리더십,생명 공학,B
3-18-2025 14:57:00,20905,INFP: 이상주의적이고 창의적인 성격. 깊은 내면의 가치관을 중요시합니다.,"건축, 사진찍기, 소설","논리적으로 말하기, 중재",건축,A
3-18-2025 14:57:05,21415,INFP: 이상주의적이고 창의적인 성격. 깊은 내면의 가치관을 중요시합니다.,"노래, 침대, 게임 ","남 이야기 들어주기, 잠 안 자기, 잠 많이 자기",교육계열,O
3-19-2025 10:44:52,20122,ESTJ: 조직적이고 실용적인 성격. 일을 효율적으로 처리하는 것을 중요시합니다.,"태권도, 낮잠, 웹툰, 만화, 애니, 과자","태권도, 잠자기, 게으름피우기, 낮잠 오래자기, 누워있기","화학 연구원, 신약 개발 연구원",O
3-19-2025 10:45:26,20112,"ISTP: 문제 해결 능력이 뛰어나며, 실용적이고 유연한 사고를 합니다.","배드민턴,물리","배드민턴,물리","물리학과,물리천문학과",B
3-19-2025 10:46:17,20104,"ENFP: 열정적이고 창의적이며, 새로운 아이디어를 탐구하는 성격입니다.","배구, 게임, 건프라, 게임개발부(기장)etc","작문, 배구, 목소리 크게 내기","스포츠매닙찌머너트, 체교",A
3-19-2025 10:46:52,20101,"ESTP: 활동적이고 모험적인 성격으로, 새로운 도전을 즐깁니다.","농구,런닝,뉴진스 민지, 만화","포기안하고 끝까지 하기, 밥 많이먹기, 런닝","제약분야, 약학계열",AB
3-19-2025 10:47:00,20109,INFP: 이상주의적이고 창의적인 성격. 깊은 내면의 가치관을 중요시합니다.,"게임,운동,축구,송하영, 만들기","게임, 밥 빨리 먹기, 글씨 쓰기","화학생명공학 계열, 수의학과
",O
3-19-2025 10:47:27,20123,"INTP: 논리적이고 분석적인 사고를 하며, 창의적인 문제 해결을 좋아합니다.","야구,전지적 독자시점, 콜라, 흰 쌀밥,","야구,한번 듣고 이해하고 암기하는 거",대학을 공학계열로 진학후 증권사 애널리스트로 일을 하고 싶습니다.,A
3-19-2025 10:47:32,20102,"ISFJ: 따뜻하고 배려심이 많으며, 사람들을 돕는 것을 좋아합니다.","축구, 포켓몬",밥 빨리 먹기,기계공학 계열,B
3-19-2025 10:47:52,20103,"ISTP: 문제 해결 능력이 뛰어나며, 실용적이고 유연한 사고를 합니다.","게임, 축구, 아이돌",공부,반도체공학,A
3-19-2025 10:47:53,20111,"ENFP: 열정적이고 창의적이며, 새로운 아이디어를 탐구하는 성격입니다.","축구,배드민턴,여자,밥","롤, 발로란트, 브롤, 매운거 먹기, 많이 먹기","약사, 생명과학 연구자, 아나운서",B
3-19-2025 10:48:16,20116,"ESFP: 사교적이고 열정적이며, 주변 사람들과 함께 즐기는 것을 좋아합니다.","축구, 운동, 게임, 강해린, 헬스",축구,"기계공학, 컴퓨터공학",B
3-19-2025 10:48:39,20121,"INTJ: 독창적이고 전략적인 사고를 하며, 미래지향적인 성격입니다.","주식,투자,돈","밥 빨리 많이 먹기,고민상담",경영 (투자),O
3-19-2025 10:48:45,20115,"ISTP: 문제 해결 능력이 뛰어나며, 실용적이고 유연한 사고를 합니다.","야구, 밥 먹기",공부(조금),기계공학 ,B
3-19-2025 10:48:57,20114,INFP: 이상주의적이고 창의적인 성격. 깊은 내면의 가치관을 중요시합니다.,"공학, 농구","타이핑 빠름, 목표 정하기 ",신소재공학,A
3-19-2025 10:49:12,20118,ISTJ: 실용적이고 현실적인 성격. 계획적이며 조직적입니다.,"축구, 아스날, 롤, 게임, 트리플에스, 프로미스나인, 고기","밥 빨리 먹기, 잠 많이 자기,","생명과학 연구자, 생명공학자 등등 생명 쪽 직업들? ",AB
3-19-2025 10:49:16,20110,"ENFP: 열정적이고 창의적이며, 새로운 아이디어를 탐구하는 성격입니다.","축구,야구,프로미스나인,이새롬,송하영,노지선,박지원,이서연,이채영,이나경,백지헌
두산베어스,지도,첼시","오래달리기,코풀기,",생명과학선생님연구원 뇌연구자,A
3-19-2025 10:49:30,20106,"INTJ: 독창적이고 전략적인 사고를 하며, 미래지향적인 성격입니다.","로봇, 아두이노, 코딩, C++, AI, 로켓,","코딩, 조립, 설계, 3D 모델링","소프트웨어 개발자, 로봇공학자, 엔지니어, 3D모델 제작자, 로켓엔지니어",O
3-19-2025 10:49:45,20107,"ENTP: 논리적이고 창의적인 성향을 지니며, 끊임없이 새로운 가능성을 탐색합니다.","운동, 음악듣기, 활동하기 ","운동, 물 많이 먹기, 예체능아무거나","화학계열, 예체능, ",O
3-19-2025 10:49:46,20124,"INTP: 논리적이고 분석적인 사고를 하며, 창의적인 문제 해결을 좋아합니다.","게임, 놀기, 잠, 음식, 가면라이더","잠 오래자기(48시간 이상), 게임 스피드런 하기(젤다 야숨 전 전세계4위), 사람 놀려먹기",게임 프로그래머,A
3-19-2025 10:49:54,20113,INFP: 이상주의적이고 창의적인 성격. 깊은 내면의 가치관을 중요시합니다.,뉴진스,물 많이 먹기,"AI,공학,마케팅",O
3-19-2025 10:51:04,20108,"ENFP: 열정적이고 창의적이며, 새로운 아이디어를 탐구하는 성격입니다.","창작, 탁구, 게임,  경제, 기계, 경영, 국제 정세, 정치",원하는 정보를 효과저거으로 탐색하고 어떤 문제를 마주쳤을 때 계획적으로 해결하기,이과 출신 CEO,A
3-19-2025 10:51:53,20117,"INTJ: 독창적이고 전략적인 사고를 하며, 미래지향적인 성격입니다.","영화관람, 야구경기 관람, 지인들과의 대화, 하루 계획 성취, 노란통닭",계획한 일 실행하기,"인공지능 연구자, 기타 공학 계열 엔지니어",O
3-19-2025 10:52:31,20105,"INTP: 논리적이고 분석적인 사고를 하며, 창의적인 문제 해결을 좋아합니다.","게임, 노래, 음악 듣기, 잠자기, 라면","드럼 연주, 피아노 연주, 영어",컴공 계열 진로(아직 못정함),AB
3-19-2025 10:52:38,20120,"ENFP: 열정적이고 창의적이며, 새로운 아이디어를 탐구하는 성격입니다.","야구, 농구, 유튜브 시청, 야구게임, 릴스, 영화보기","물 빨리 먹기, 물 많이 먹기, 밥 빨리 먹기, 밥 많이 먹기, 잠 많이 자기, 농구, 수학문제 빨리 풀고 많이 틀리기, 살찌기, 키크기","공학 계열, 치의학 계열",B
3-19-2025 10:52:43,20119,"ENFP: 열정적이고 창의적이며, 새로운 아이디어를 탐구하는 성격입니다.","유튜브 시청,탁구,탐구,연구","성실하게 열심히 살기,약속 지키기,재미있기,물 많이 먹기","공학 계열 연구원,공학 계열 교수,생명과학 연구자,백신 개발자",AB
3-19-2025 10:56:11,20125,"ISFP: 예술적이고 감성적인 성향이 강하며, 자율성을 중시합니다.","음악,잠,운동,웃는 사람,귀여운 거","악기 연주,한컴 타자 최대기록 700타,밥 많이 먹기,시험 다 풀고 많이 틀리기","빅데이터 관련 직업,공학 관련 직업,변리사",AB
3-20-2025 9:16:05,20216,"ISFJ: 따뜻하고 배려심이 많으며, 사람들을 돕는 것을 좋아합니다.",축구 농구 게임 친구 여자 ^^,축구 농구 ,IT계열 ,O
3-20-2025 9:16:16,20215,INFP: 이상주의적이고 창의적인 성격. 깊은 내면의 가치관을 중요시합니다.,"축구, 아이유, 요리","밥 빨리 먹기, 요리하기, 축구하기","생명과학, 지구환경 과학 ,생태계 ",A
3-20-2025 9:20:48,20225,"ENFP: 열정적이고 창의적이며, 새로운 아이디어를 탐구하는 성격입니다.","미유, 배드민턴, 팔씨름, 게임, 치킨, 피자, 콜라, 라면, 수면, ㅎ히히","배드민턴, 팔씨름, 한글타이핑, 집중하기, ","신소재공학자, 화학공학자.",O
3-20-2025 9:21:47,20226,"ISTP: 문제 해결 능력이 뛰어나며, 실용적이고 유연한 사고를 합니다.","진격의 거인, 해린, 그림, 라면, 에렌예거, 우왁굳","그림그리기, 밥 많이먹기","바이오시스템소재, 생명공학, 생명과학",A
3-20-2025 9:22:35,20205,"ENTP: 논리적이고 창의적인 성향을 지니며, 끊임없이 새로운 가능성을 탐색합니다.","농구, 게임, 운동, 노래 듣기, ","운동, 달리기","소프트웨어 개발자, 검퓨터 공학, 기계공학, 시스템 반도체 학과",B
3-20-2025 9:23:38,20204,"ENFP: 열정적이고 창의적이며, 새로운 아이디어를 탐구하는 성격입니다.","게임, 음악, 예술, 패션, 미술, 시이나링고, 삼겹살","밥느리게먹기
노래듣기
그림그리기
옷분석하기
유튜브보기
잠자기",게임개발자/ 패션디자이너,O
3-20-2025 9:23:50,20207,"ENTJ: 목표 지향적이고 리더십이 강하며, 효율성을 중요하게 생각합니다.","운동, 노래듣기, 유튜브 보기","잘 자기, 똥 잘싸기, 핸드폰하기, 밥 빨리 먹기, 늦잠자기","이공계열, It분야",B
3-20-2025 9:24:57,20217,"ISFJ: 따뜻하고 배려심이 많으며, 사람들을 돕는 것을 좋아합니다.",축구,축구게임,공학계열,A
3-20-2025 9:25:32,20206,INFP: 이상주의적이고 창의적인 성격. 깊은 내면의 가치관을 중요시합니다.,"롤, 축구, 농구, 쿠키런 킹덤",엑셀 파일 작성하기,"국어,과학 교사or 반도체공학",O
3-20-2025 9:25:37,20214,"ISFP: 예술적이고 감성적인 성향이 강하며, 자율성을 중시합니다.","자동차, 철학, 멍,예술","잠 자기, 긍정적으로 생각하기","철학가, 시인, 자동차 디자이너, 자동차 계열",A
3-20-2025 9:25:49,20213,"INTP: 논리적이고 분석적인 사고를 하며, 창의적인 문제 해결을 좋아합니다.","인디음악,야구,찜닭","밥 빨리 먹기, ",회계사,O
3-20-2025 9:25:54,20201,"ISFP: 예술적이고 감성적인 성향이 강하며, 자율성을 중시합니다.","축구, 야구, 고기, 밥, 잠, 설윤, 고윤정, 아이스크림","잠 오래 자기, 손글씨 빨리 쓰기, 밥 빨리 먹기","화학공학자, 생명공학자, 스포츠 에이전트",A
3-20-2025 9:26:16,20218,"INTP: 논리적이고 분석적인 사고를 하며, 창의적인 문제 해결을 좋아합니다.","포켓몬,수학,게임,닌텐도,플스,스팀","말빠르게 하기,차이점 찾아내기,빠르게 먹기","수학 교수,수학강사,화학과 교수,화생공 교수etc...",B
3-20-2025 9:26:38,20205,"INTP: 논리적이고 분석적인 사고를 하며, 창의적인 문제 해결을 좋아합니다.","축구, 롤, 수학, 힙합","잠 많이 자기, 참기, 기다리기","데이터 전문가, 수학 교수, 통계학자, 경영",A
3-20-2025 9:26:51,20221,"INTP: 논리적이고 분석적인 사고를 하며, 창의적인 문제 해결을 좋아합니다.","항공 우주 공학, 스페이스 X, 스타트업, 음악, 단발 카리나 ","노래 듣기, 노래추천하기, 잠자기, 수학 가르치기..?","항공웆 공학 계열 엔지니어, 공학 계열 스타트업",B
3-20-2025 9:27:15,20212,"ISFP: 예술적이고 감성적인 성향이 강하며, 자율성을 중시합니다.","치킨,축구,옷","밥빨리먹기,요리하기,독수리타자(130타)","유기물 신소재, 의류학과, 패션",O
3-20-2025 9:27:16,20202,INFP: 이상주의적이고 창의적인 성격. 깊은 내면의 가치관을 중요시합니다.,"게임,복싱,생명,AI,운동",잡다한게 다 조금싹 할 줄 알기,직업적 진로는 못정했지만 희망 학과는 생명공학쪽 입니다.,O
3-20-2025 9:27:30,20223,"ESFP: 사교적이고 열정적이며, 주변 사람들과 함께 즐기는 것을 좋아합니다.","축구,대화,친구들,음악","노래 최대한 많이듣기, 어떤 운동이든 반 이상은 함, 모르는 사람과 대화하기",선생님(어떤 과목인지는 정하지 못함),O
3-20-2025 9:27:38,20222,"ENFJ: 타인에 대한 이해와 공감 능력이 뛰어나며, 리더십을 발휘합니다.","로드싸이클 , 경제 , 라디오 듣기 , 화학실험","로드싸이클 , 주식 , ","생명공학(crispr-cas9 , 뇌과학)",O
3-20-2025 9:28:10,20219,"ISTP: 문제 해결 능력이 뛰어나며, 실용적이고 유연한 사고를 합니다.","농구, 유튜브, 넷플릭스, 외국힙합, 생선(음식)","공기놀이, 한국어 타자 치기, 먹기, 자기, 놀기, 장 역할 ","약사, 수학/물리학 교사",O
3-20-2025 9:28:16,20211,INFP: 이상주의적이고 창의적인 성격. 깊은 내면의 가치관을 중요시합니다.,"축구, 야구, 카리나, 김치찌개, 제육볶음, 국밥, 로봇","물 많이 먹기, 잠 빨리 자기","전기정보과, 기계공학과, 로봇공학자, 반도체 공학부",O
3-20-2025 9:28:53,20210,"INFJ: 깊이 있는 사고를 하며, 타인에 대한 공감 능력이 뛰어납니다.","물리학, 피아노, 수학, 철학, 독서",ㅤ,"물리학과, 수학과",A
3-20-2025 9:29:07,20209,"INTP: 논리적이고 분석적인 사고를 하며, 창의적인 문제 해결을 좋아합니다.","피아노, 생명과학, 노래듣기(클래식)", ,의학 계열 또는 인공지능 연구자,B
3-20-2025 9:31:06,20209,"INTP: 논리적이고 분석적인 사고를 하며, 창의적인 문제 해결을 좋아합니다.","피아노, 생명과학",수학 설명하기,의학 분야 또는 인공지능 관련 연구자,B
3-20-2025 9:32:09,20208,"ENTP: 논리적이고 창의적인 성향을 지니며, 끊임없이 새로운 가능성을 탐색합니다.","물리, 수학, 철학, 가면라이더, 마블, 아이언맨","이진수 외우기(2^20=1048576), 노잼 드립 치기","물리학 교수, 연구원",O
3-20-2025 9:33:24,20224,"INTP: 논리적이고 분석적인 사고를 하며, 창의적인 문제 해결을 좋아합니다.","항공, 물리, 게임, 영화, 팝음악, ","드론조종, 테트리스, 잡다한 지식을 꽤 알고 있다.","항공정비사, 엔지니어, 물리교사, 공군",AB
3-20-2025 9:34:42,20220,ESTJ: 조직적이고 실용적인 성격. 일을 효율적으로 처리하는 것을 중요시합니다.,"여행, TV보기, 유튜브 보기, 책 읽기, 뉴스 보기, 야구, 농구, 배드민턴, 게임","계획 세우고 실천하기, 책상 정리하기","언어(영어 등 외국어) 관련 학과, 국제 정세 관련 학과, 승무원, 자연 환경 관련 학과",B
3-21-2025 9:12:33,20302,"INTP: 논리적이고 분석적인 사고를 하며, 창의적인 문제 해결을 좋아합니다.","레고,아두이노","핸드폰타자(300타),레고창작",기계공학,AB
3-21-2025 9:13:05,20323,"ENFP: 열정적이고 창의적이며, 새로운 아이디어를 탐구하는 성격입니다.","축구, 생명과학",친구 사귀기,"생명공학 계열, 제약 회사, 바이오",O
3-21-2025 9:14:52,20318,"INTP: 논리적이고 분석적인 사고를 하며, 창의적인 문제 해결을 좋아합니다.",축구,밥 많이먹기,체육계열,AB
3-21-2025 9:15:17,20324,"INFJ: 깊이 있는 사고를 하며, 타인에 대한 공감 능력이 뛰어납니다.","게임, 투자, 음악 감상",상담해주기(?),경제 계열,O
3-21-2025 9:17:29,20322,ESTJ: 조직적이고 실용적인 성격. 일을 효율적으로 처리하는 것을 중요시합니다.,"롤,수학,코딩,축구,농구,배드민턴,",춤추기,"소프트웨어 개발자, 인공지능 연구자",O
3-21-2025 9:17:51,20309,ISTJ: 실용적이고 현실적인 성격. 계획적이며 조직적입니다.,"수학, 물리, 코딩, 축구",수학 문제 풀기,"수학, 컴퓨터공학",O
3-21-2025 9:18:37,20315,"ISFP: 예술적이고 감성적인 성향이 강하며, 자율성을 중시합니다.","게임, 축구경기 관람, 음악 듣기",좋아하는것에 집중을 잘함,생명공학자,B
3-21-2025 9:18:52,20317,"ENFP: 열정적이고 창의적이며, 새로운 아이디어를 탐구하는 성격입니다.","잠, 게임, 유튜브, 친구, 먹는거, 당구","타자 빨리치기(300타 이상), 잠 자기, 친해지기","과학분야, 공학분야, 돈 많이버는거 아무거나 ",O
3-21-2025 9:20:02,20311,"ENTP: 논리적이고 창의적인 성향을 지니며, 끊임없이 새로운 가능성을 탐색합니다.","야구, 축구, 운동, 친구들",운동,"생명공학, 발명, 경영, 디지털 헬스 케어",B
3-21-2025 9:21:20,20305,ISTJ: 실용적이고 현실적인 성격. 계획적이며 조직적입니다.,"배드민턴, 포켓몬",없음,"약학, 화학공학",A
3-21-2025 9:21:36,20303,"ESTP: 활동적이고 모험적인 성격으로, 새로운 도전을 즐깁니다.",농구,"농구,열정적으로 하기","사업가,법조인",A
3-21-2025 9:22:50,20310,"INFJ: 깊이 있는 사고를 하며, 타인에 대한 공감 능력이 뛰어납니다.","화학,운동,당구",내가 잘하는 것 남에게 가르치기,교사(분야 미정),B
3-21-2025 9:23:59,20312,"ENTP: 논리적이고 창의적인 성향을 지니며, 끊임없이 새로운 가능성을 탐색합니다.","여자, 게임",열심히 게임하기,건축가,A
3-21-2025 9:26:01,20326,"INTP: 논리적이고 분석적인 사고를 하며, 창의적인 문제 해결을 좋아합니다.","운동,음식,게임,수학,과학",잔재주,"생명공학,유전학",B
3-21-2025 9:33:04,20320,"ENFJ: 타인에 대한 이해와 공감 능력이 뛰어나며, 리더십을 발휘합니다.","격투기, 검도, 운동, 헬스",검도,법조계,O
3-21-2025 9:39:24,20314,"ISFP: 예술적이고 감성적인 성향이 강하며, 자율성을 중시합니다.","공부, 건축, 게임, 운동, 축구 등등등","자전거타기, 러닝하기, 배드민턴",건축분야,O
3-21-2025 9:41:48,20313,"INTP: 논리적이고 분석적인 사고를 하며, 창의적인 문제 해결을 좋아합니다.","노래, 친구, 게임, 기계, 큐브, 배드민턴","배드민턴, 게임(얼불춤, 카트라이더), 큐브(10초대~20초대)",공학 계열,O
3-21-2025 9:45:12,20321,"ISTP: 문제 해결 능력이 뛰어나며, 실용적이고 유연한 사고를 합니다.","롤,야구","롤하기,자기",과학,AB
3-21-2025 9:46:28,20304,"INTP: 논리적이고 분석적인 사고를 하며, 창의적인 문제 해결을 좋아합니다.","체스, 책, 투썸플레이스, 커피, 음악, 축구",수면,생명공학,B
3-21-2025 9:46:34,20329,"INFJ: 깊이 있는 사고를 하며, 타인에 대한 공감 능력이 뛰어납니다.","휴식, 음악듣기, 돈","악기연주, 꼼꼼하게 일하기","정신건강 관련 학과, 심리치료, 심리학",B
3-21-2025 9:50:17,20328,"ENFJ: 타인에 대한 이해와 공감 능력이 뛰어나며, 리더십을 발휘합니다.","음악,축구,휴식,커피","계획짜기, 끝내주게 숨쉬기","컴퓨터공학,방송미디어 관련",B
3-21-2025 9:52:08,20301,"ENTP: 논리적이고 창의적인 성향을 지니며, 끊임없이 새로운 가능성을 탐색합니다.","주식,경제,수학,피아노,음악","피아노,탁구,수학","펀드매니저(자산운용사),전문 경영인",A
3-21-2025 9:52:31,20327,"ISTP: 문제 해결 능력이 뛰어나며, 실용적이고 유연한 사고를 합니다.","책, 롤토체스",좋아하는것에 빠져들기,전기전자공학 관련 직종,B
3-21-2025 10:06:44,20308,"INTP: 논리적이고 분석적인 사고를 하며, 창의적인 문제 해결을 좋아합니다.","도시, 교통","지리, 역사, 사색","도시공학, 교통공학, 건설환경공학, 건축 ",B
